<?xml version="1.0" encoding="UTF-8"?>
<project-private xmlns="http://www.netbeans.org/ns/project-private/1">
    <editor-bookmarks xmlns="http://www.netbeans.org/ns/editor-bookmarks/2" lastBookmarkId="0"/>
    <open-files xmlns="http://www.netbeans.org/ns/projectui-open-files/2">
        <group>
            <file>file:/C:/Users/sandr/OneDrive%20-%20Educacyl/DAW/2_año/Programacion/Script/tarea_5/PROG05_Ejerc1/src/PROG05_Ejerc1_util/validaciones.java</file>
            <file>file:/C:/Users/sandr/OneDrive%20-%20Educacyl/DAW/2_año/Programacion/Script/tarea_5/PROG05_Ejerc1/src/prog05_ejerc1/Principal.java</file>
            <file>file:/C:/Users/sandr/OneDrive%20-%20Educacyl/DAW/2_año/Programacion/Script/tarea_5/PROG05_Ejerc1/src/prog05_ejerc1/Vehiculo.java</file>
        </group>
    </open-files>
</project-private>
